seqName,errors,warnings,failedGenes
"NC_045512.2:21563-25384 S [organism=Severe acute respiratory syndrome coronavirus 2] [GeneID=43740568] [chromosome=]","","When processing gene ""E"": Unable to align: no seed matches. Note that this gene will not be included in the results of the sequence.;When processing gene ""M"": Unable to align: no seed matches. Note that this gene will not be included in the results of the sequence.;When processing gene ""N"": Unable to align: no seed matches. Note that this gene will not be included in the results of the sequence.;When processing gene ""ORF1a"": Unable to align: no seed matches. Note that this gene will not be included in the results of the sequence.;When processing gene ""ORF1b"": Unable to align: no seed matches. Note that this gene will not be included in the results of the sequence.;When processing gene ""ORF3a"": Unable to align: no seed matches. Note that this gene will not be included in the results of the sequence.;When processing gene ""ORF6"": Unable to align: no seed matches. Note that this gene will not be included in the results of the sequence.;When processing gene ""ORF7a"": Unable to align: no seed matches. Note that this gene will not be included in the results of the sequence.;When processing gene ""ORF8"": Unable to align: no seed matches. Note that this gene will not be included in the results of the sequence.;When processing gene ""ORF9b"": Unable to align: no seed matches. Note that this gene will not be included in the results of the sequence.","E;M;N;ORF1a;ORF1b;ORF3a;ORF6;ORF7a;ORF8;ORF9b"
"34A|S10","","When processing gene ""E"": Unable to align: no seed matches. Note that this gene will not be included in the results of the sequence.;When processing gene ""M"": Unable to align: no seed matches. Note that this gene will not be included in the results of the sequence.;When processing gene ""N"": Unable to align: no seed matches. Note that this gene will not be included in the results of the sequence.;When processing gene ""ORF1a"": Unable to align: no seed matches. Note that this gene will not be included in the results of the sequence.;When processing gene ""ORF1b"": Unable to align: no seed matches. Note that this gene will not be included in the results of the sequence.;When processing gene ""ORF6"": Unable to align: no seed matches. Note that this gene will not be included in the results of the sequence.;When processing gene ""ORF7a"": Unable to align: no seed matches. Note that this gene will not be included in the results of the sequence.;When processing gene ""ORF8"": Unable to align: no seed matches. Note that this gene will not be included in the results of the sequence.;When processing gene ""ORF9b"": Unable to align: no seed matches. Note that this gene will not be included in the results of the sequence.","E;M;N;ORF1a;ORF1b;ORF6;ORF7a;ORF8;ORF9b"
"1H|S118","","When processing gene ""E"": Unable to align: no seed matches. Note that this gene will not be included in the results of the sequence.;When processing gene ""M"": Unable to align: no seed matches. Note that this gene will not be included in the results of the sequence.;When processing gene ""N"": Unable to align: no seed matches. Note that this gene will not be included in the results of the sequence.;When processing gene ""ORF1a"": Unable to align: no seed matches. Note that this gene will not be included in the results of the sequence.;When processing gene ""ORF1b"": Unable to align: no seed matches. Note that this gene will not be included in the results of the sequence.;When processing gene ""ORF6"": Unable to align: no seed matches. Note that this gene will not be included in the results of the sequence.;When processing gene ""ORF7a"": Unable to align: no seed matches. Note that this gene will not be included in the results of the sequence.;When processing gene ""ORF8"": Unable to align: no seed matches. Note that this gene will not be included in the results of the sequence.;When processing gene ""ORF9b"": Unable to align: no seed matches. Note that this gene will not be included in the results of the sequence.","E;M;N;ORF1a;ORF1b;ORF6;ORF7a;ORF8;ORF9b"
"8H|S119","","When processing gene ""E"": Unable to align: no seed matches. Note that this gene will not be included in the results of the sequence.;When processing gene ""M"": Unable to align: no seed matches. Note that this gene will not be included in the results of the sequence.;When processing gene ""N"": Unable to align: no seed matches. Note that this gene will not be included in the results of the sequence.;When processing gene ""ORF1a"": Unable to align: no seed matches. Note that this gene will not be included in the results of the sequence.;When processing gene ""ORF1b"": Unable to align: no seed matches. Note that this gene will not be included in the results of the sequence.;When processing gene ""ORF6"": Unable to align: no seed matches. Note that this gene will not be included in the results of the sequence.;When processing gene ""ORF7a"": Unable to align: no seed matches. Note that this gene will not be included in the results of the sequence.;When processing gene ""ORF8"": Unable to align: no seed matches. Note that this gene will not be included in the results of the sequence.;When processing gene ""ORF9b"": Unable to align: no seed matches. Note that this gene will not be included in the results of the sequence.","E;M;N;ORF1a;ORF1b;ORF6;ORF7a;ORF8;ORF9b"
"248B|S12","","When processing gene ""E"": Unable to align: no seed matches. Note that this gene will not be included in the results of the sequence.;When processing gene ""M"": Unable to align: no seed matches. Note that this gene will not be included in the results of the sequence.;When processing gene ""N"": Unable to align: no seed matches. Note that this gene will not be included in the results of the sequence.;When processing gene ""ORF1a"": Unable to align: no seed matches. Note that this gene will not be included in the results of the sequence.;When processing gene ""ORF1b"": Unable to align: no seed matches. Note that this gene will not be included in the results of the sequence.;When processing gene ""ORF6"": Unable to align: no seed matches. Note that this gene will not be included in the results of the sequence.;When processing gene ""ORF7a"": Unable to align: no seed matches. Note that this gene will not be included in the results of the sequence.;When processing gene ""ORF8"": Unable to align: no seed matches. Note that this gene will not be included in the results of the sequence.;When processing gene ""ORF9b"": Unable to align: no seed matches. Note that this gene will not be included in the results of the sequence.","E;M;N;ORF1a;ORF1b;ORF6;ORF7a;ORF8;ORF9b"
"42H|S122","","When processing gene ""E"": Unable to align: no seed matches. Note that this gene will not be included in the results of the sequence.;When processing gene ""M"": Unable to align: no seed matches. Note that this gene will not be included in the results of the sequence.;When processing gene ""N"": Unable to align: no seed matches. Note that this gene will not be included in the results of the sequence.;When processing gene ""ORF1a"": Unable to align: no seed matches. Note that this gene will not be included in the results of the sequence.;When processing gene ""ORF1b"": Unable to align: no seed matches. Note that this gene will not be included in the results of the sequence.;When processing gene ""ORF6"": Unable to align: no seed matches. Note that this gene will not be included in the results of the sequence.;When processing gene ""ORF7a"": Unable to align: no seed matches. Note that this gene will not be included in the results of the sequence.;When processing gene ""ORF8"": Unable to align: no seed matches. Note that this gene will not be included in the results of the sequence.;When processing gene ""ORF9b"": Unable to align: no seed matches. Note that this gene will not be included in the results of the sequence.","E;M;N;ORF1a;ORF1b;ORF6;ORF7a;ORF8;ORF9b"
"17H|S126","","When processing gene ""E"": Unable to align: no seed matches. Note that this gene will not be included in the results of the sequence.;When processing gene ""M"": Unable to align: no seed matches. Note that this gene will not be included in the results of the sequence.;When processing gene ""N"": Unable to align: no seed matches. Note that this gene will not be included in the results of the sequence.;When processing gene ""ORF1a"": Unable to align: no seed matches. Note that this gene will not be included in the results of the sequence.;When processing gene ""ORF1b"": Unable to align: no seed matches. Note that this gene will not be included in the results of the sequence.;When processing gene ""ORF6"": Unable to align: no seed matches. Note that this gene will not be included in the results of the sequence.;When processing gene ""ORF7a"": Unable to align: no seed matches. Note that this gene will not be included in the results of the sequence.;When processing gene ""ORF8"": Unable to align: no seed matches. Note that this gene will not be included in the results of the sequence.;When processing gene ""ORF9b"": Unable to align: no seed matches. Note that this gene will not be included in the results of the sequence.","E;M;N;ORF1a;ORF1b;ORF6;ORF7a;ORF8;ORF9b"
"1I|S127","","When processing gene ""E"": Unable to align: no seed matches. Note that this gene will not be included in the results of the sequence.;When processing gene ""M"": Unable to align: no seed matches. Note that this gene will not be included in the results of the sequence.;When processing gene ""N"": Unable to align: no seed matches. Note that this gene will not be included in the results of the sequence.;When processing gene ""ORF1a"": Unable to align: no seed matches. Note that this gene will not be included in the results of the sequence.;When processing gene ""ORF1b"": Unable to align: no seed matches. Note that this gene will not be included in the results of the sequence.;When processing gene ""ORF6"": Unable to align: no seed matches. Note that this gene will not be included in the results of the sequence.;When processing gene ""ORF7a"": Unable to align: no seed matches. Note that this gene will not be included in the results of the sequence.;When processing gene ""ORF8"": Unable to align: no seed matches. Note that this gene will not be included in the results of the sequence.;When processing gene ""ORF9b"": Unable to align: no seed matches. Note that this gene will not be included in the results of the sequence.","E;M;N;ORF1a;ORF1b;ORF6;ORF7a;ORF8;ORF9b"
"31I|S128","","When processing gene ""E"": Unable to align: no seed matches. Note that this gene will not be included in the results of the sequence.;When processing gene ""M"": Unable to align: no seed matches. Note that this gene will not be included in the results of the sequence.;When processing gene ""N"": Unable to align: no seed matches. Note that this gene will not be included in the results of the sequence.;When processing gene ""ORF1a"": Unable to align: no seed matches. Note that this gene will not be included in the results of the sequence.;When processing gene ""ORF1b"": Unable to align: no seed matches. Note that this gene will not be included in the results of the sequence.;When processing gene ""ORF6"": Unable to align: no seed matches. Note that this gene will not be included in the results of the sequence.;When processing gene ""ORF7a"": Unable to align: no seed matches. Note that this gene will not be included in the results of the sequence.;When processing gene ""ORF8"": Unable to align: no seed matches. Note that this gene will not be included in the results of the sequence.;When processing gene ""ORF9b"": Unable to align: no seed matches. Note that this gene will not be included in the results of the sequence.","E;M;N;ORF1a;ORF1b;ORF6;ORF7a;ORF8;ORF9b"
"8I|S129","","When processing gene ""E"": Unable to align: no seed matches. Note that this gene will not be included in the results of the sequence.;When processing gene ""M"": Unable to align: no seed matches. Note that this gene will not be included in the results of the sequence.;When processing gene ""N"": Unable to align: no seed matches. Note that this gene will not be included in the results of the sequence.;When processing gene ""ORF1a"": Unable to align: no seed matches. Note that this gene will not be included in the results of the sequence.;When processing gene ""ORF1b"": Unable to align: no seed matches. Note that this gene will not be included in the results of the sequence.;When processing gene ""ORF6"": Unable to align: no seed matches. Note that this gene will not be included in the results of the sequence.;When processing gene ""ORF7a"": Unable to align: no seed matches. Note that this gene will not be included in the results of the sequence.;When processing gene ""ORF8"": Unable to align: no seed matches. Note that this gene will not be included in the results of the sequence.;When processing gene ""ORF9b"": Unable to align: no seed matches. Note that this gene will not be included in the results of the sequence.","E;M;N;ORF1a;ORF1b;ORF6;ORF7a;ORF8;ORF9b"
"24I|S130","","When processing gene ""E"": Unable to align: no seed matches. Note that this gene will not be included in the results of the sequence.;When processing gene ""M"": Unable to align: no seed matches. Note that this gene will not be included in the results of the sequence.;When processing gene ""N"": Unable to align: no seed matches. Note that this gene will not be included in the results of the sequence.;When processing gene ""ORF1a"": Unable to align: no seed matches. Note that this gene will not be included in the results of the sequence.;When processing gene ""ORF1b"": Unable to align: no seed matches. Note that this gene will not be included in the results of the sequence.;When processing gene ""ORF6"": Unable to align: no seed matches. Note that this gene will not be included in the results of the sequence.;When processing gene ""ORF7a"": Unable to align: no seed matches. Note that this gene will not be included in the results of the sequence.;When processing gene ""ORF8"": Unable to align: no seed matches. Note that this gene will not be included in the results of the sequence.;When processing gene ""ORF9b"": Unable to align: no seed matches. Note that this gene will not be included in the results of the sequence.","E;M;N;ORF1a;ORF1b;ORF6;ORF7a;ORF8;ORF9b"
"3I|S131","","When processing gene ""E"": Unable to align: no seed matches. Note that this gene will not be included in the results of the sequence.;When processing gene ""M"": Unable to align: no seed matches. Note that this gene will not be included in the results of the sequence.;When processing gene ""N"": Unable to align: no seed matches. Note that this gene will not be included in the results of the sequence.;When processing gene ""ORF1a"": Unable to align: no seed matches. Note that this gene will not be included in the results of the sequence.;When processing gene ""ORF1b"": Unable to align: no seed matches. Note that this gene will not be included in the results of the sequence.;When processing gene ""ORF6"": Unable to align: no seed matches. Note that this gene will not be included in the results of the sequence.;When processing gene ""ORF7a"": Unable to align: no seed matches. Note that this gene will not be included in the results of the sequence.;When processing gene ""ORF8"": Unable to align: no seed matches. Note that this gene will not be included in the results of the sequence.;When processing gene ""ORF9b"": Unable to align: no seed matches. Note that this gene will not be included in the results of the sequence.","E;M;N;ORF1a;ORF1b;ORF6;ORF7a;ORF8;ORF9b"
"7I|S132","","When processing gene ""E"": Unable to align: no seed matches. Note that this gene will not be included in the results of the sequence.;When processing gene ""M"": Unable to align: no seed matches. Note that this gene will not be included in the results of the sequence.;When processing gene ""N"": Unable to align: no seed matches. Note that this gene will not be included in the results of the sequence.;When processing gene ""ORF1a"": Unable to align: no seed matches. Note that this gene will not be included in the results of the sequence.;When processing gene ""ORF1b"": Unable to align: no seed matches. Note that this gene will not be included in the results of the sequence.;When processing gene ""ORF6"": Unable to align: no seed matches. Note that this gene will not be included in the results of the sequence.;When processing gene ""ORF7a"": Unable to align: no seed matches. Note that this gene will not be included in the results of the sequence.;When processing gene ""ORF8"": Unable to align: no seed matches. Note that this gene will not be included in the results of the sequence.;When processing gene ""ORF9b"": Unable to align: no seed matches. Note that this gene will not be included in the results of the sequence.","E;M;N;ORF1a;ORF1b;ORF6;ORF7a;ORF8;ORF9b"
"71I|S133","","When processing gene ""E"": Unable to align: no seed matches. Note that this gene will not be included in the results of the sequence.;When processing gene ""M"": Unable to align: no seed matches. Note that this gene will not be included in the results of the sequence.;When processing gene ""N"": Unable to align: no seed matches. Note that this gene will not be included in the results of the sequence.;When processing gene ""ORF1a"": Unable to align: no seed matches. Note that this gene will not be included in the results of the sequence.;When processing gene ""ORF1b"": Unable to align: no seed matches. Note that this gene will not be included in the results of the sequence.;When processing gene ""ORF6"": Unable to align: no seed matches. Note that this gene will not be included in the results of the sequence.;When processing gene ""ORF7a"": Unable to align: no seed matches. Note that this gene will not be included in the results of the sequence.;When processing gene ""ORF8"": Unable to align: no seed matches. Note that this gene will not be included in the results of the sequence.;When processing gene ""ORF9b"": Unable to align: no seed matches. Note that this gene will not be included in the results of the sequence.","E;M;N;ORF1a;ORF1b;ORF6;ORF7a;ORF8;ORF9b"
"72I|S134","","When processing gene ""E"": Unable to align: no seed matches. Note that this gene will not be included in the results of the sequence.;When processing gene ""M"": Unable to align: no seed matches. Note that this gene will not be included in the results of the sequence.;When processing gene ""N"": Unable to align: no seed matches. Note that this gene will not be included in the results of the sequence.;When processing gene ""ORF1a"": Unable to align: no seed matches. Note that this gene will not be included in the results of the sequence.;When processing gene ""ORF1b"": Unable to align: no seed matches. Note that this gene will not be included in the results of the sequence.;When processing gene ""ORF6"": Unable to align: no seed matches. Note that this gene will not be included in the results of the sequence.;When processing gene ""ORF7a"": Unable to align: no seed matches. Note that this gene will not be included in the results of the sequence.;When processing gene ""ORF8"": Unable to align: no seed matches. Note that this gene will not be included in the results of the sequence.;When processing gene ""ORF9b"": Unable to align: no seed matches. Note that this gene will not be included in the results of the sequence.","E;M;N;ORF1a;ORF1b;ORF6;ORF7a;ORF8;ORF9b"
"5I|S135","","When processing gene ""E"": Unable to align: no seed matches. Note that this gene will not be included in the results of the sequence.;When processing gene ""M"": Unable to align: no seed matches. Note that this gene will not be included in the results of the sequence.;When processing gene ""N"": Unable to align: no seed matches. Note that this gene will not be included in the results of the sequence.;When processing gene ""ORF1a"": Unable to align: no seed matches. Note that this gene will not be included in the results of the sequence.;When processing gene ""ORF1b"": Unable to align: no seed matches. Note that this gene will not be included in the results of the sequence.;When processing gene ""ORF6"": Unable to align: no seed matches. Note that this gene will not be included in the results of the sequence.;When processing gene ""ORF7a"": Unable to align: no seed matches. Note that this gene will not be included in the results of the sequence.;When processing gene ""ORF8"": Unable to align: no seed matches. Note that this gene will not be included in the results of the sequence.;When processing gene ""ORF9b"": Unable to align: no seed matches. Note that this gene will not be included in the results of the sequence.","E;M;N;ORF1a;ORF1b;ORF6;ORF7a;ORF8;ORF9b"
"15I|S136","","When processing gene ""E"": Unable to align: no seed matches. Note that this gene will not be included in the results of the sequence.;When processing gene ""M"": Unable to align: no seed matches. Note that this gene will not be included in the results of the sequence.;When processing gene ""N"": Unable to align: no seed matches. Note that this gene will not be included in the results of the sequence.;When processing gene ""ORF1a"": Unable to align: no seed matches. Note that this gene will not be included in the results of the sequence.;When processing gene ""ORF1b"": Unable to align: no seed matches. Note that this gene will not be included in the results of the sequence.;When processing gene ""ORF6"": Unable to align: no seed matches. Note that this gene will not be included in the results of the sequence.;When processing gene ""ORF7a"": Unable to align: no seed matches. Note that this gene will not be included in the results of the sequence.;When processing gene ""ORF8"": Unable to align: no seed matches. Note that this gene will not be included in the results of the sequence.;When processing gene ""ORF9b"": Unable to align: no seed matches. Note that this gene will not be included in the results of the sequence.","E;M;N;ORF1a;ORF1b;ORF6;ORF7a;ORF8;ORF9b"
"71I|S137","","When processing gene ""E"": Unable to align: no seed matches. Note that this gene will not be included in the results of the sequence.;When processing gene ""M"": Unable to align: no seed matches. Note that this gene will not be included in the results of the sequence.;When processing gene ""N"": Unable to align: no seed matches. Note that this gene will not be included in the results of the sequence.;When processing gene ""ORF1a"": Unable to align: no seed matches. Note that this gene will not be included in the results of the sequence.;When processing gene ""ORF1b"": Unable to align: no seed matches. Note that this gene will not be included in the results of the sequence.;When processing gene ""ORF6"": Unable to align: no seed matches. Note that this gene will not be included in the results of the sequence.;When processing gene ""ORF7a"": Unable to align: no seed matches. Note that this gene will not be included in the results of the sequence.;When processing gene ""ORF8"": Unable to align: no seed matches. Note that this gene will not be included in the results of the sequence.;When processing gene ""ORF9b"": Unable to align: no seed matches. Note that this gene will not be included in the results of the sequence.","E;M;N;ORF1a;ORF1b;ORF6;ORF7a;ORF8;ORF9b"
"71J|S138","","When processing gene ""E"": Unable to align: no seed matches. Note that this gene will not be included in the results of the sequence.;When processing gene ""M"": Unable to align: no seed matches. Note that this gene will not be included in the results of the sequence.;When processing gene ""N"": Unable to align: no seed matches. Note that this gene will not be included in the results of the sequence.;When processing gene ""ORF1a"": Unable to align: no seed matches. Note that this gene will not be included in the results of the sequence.;When processing gene ""ORF1b"": Unable to align: no seed matches. Note that this gene will not be included in the results of the sequence.;When processing gene ""ORF6"": Unable to align: no seed matches. Note that this gene will not be included in the results of the sequence.;When processing gene ""ORF7a"": Unable to align: no seed matches. Note that this gene will not be included in the results of the sequence.;When processing gene ""ORF8"": Unable to align: no seed matches. Note that this gene will not be included in the results of the sequence.;When processing gene ""ORF9b"": Unable to align: no seed matches. Note that this gene will not be included in the results of the sequence.","E;M;N;ORF1a;ORF1b;ORF6;ORF7a;ORF8;ORF9b"
"39J|S139","","When processing gene ""E"": Unable to align: no seed matches. Note that this gene will not be included in the results of the sequence.;When processing gene ""M"": Unable to align: no seed matches. Note that this gene will not be included in the results of the sequence.;When processing gene ""N"": Unable to align: no seed matches. Note that this gene will not be included in the results of the sequence.;When processing gene ""ORF1a"": Unable to align: no seed matches. Note that this gene will not be included in the results of the sequence.;When processing gene ""ORF1b"": Unable to align: no seed matches. Note that this gene will not be included in the results of the sequence.;When processing gene ""ORF6"": Unable to align: no seed matches. Note that this gene will not be included in the results of the sequence.;When processing gene ""ORF7a"": Unable to align: no seed matches. Note that this gene will not be included in the results of the sequence.;When processing gene ""ORF8"": Unable to align: no seed matches. Note that this gene will not be included in the results of the sequence.;When processing gene ""ORF9b"": Unable to align: no seed matches. Note that this gene will not be included in the results of the sequence.","E;M;N;ORF1a;ORF1b;ORF6;ORF7a;ORF8;ORF9b"
"55J|S140","","When processing gene ""E"": Unable to align: no seed matches. Note that this gene will not be included in the results of the sequence.;When processing gene ""M"": Unable to align: no seed matches. Note that this gene will not be included in the results of the sequence.;When processing gene ""N"": Unable to align: no seed matches. Note that this gene will not be included in the results of the sequence.;When processing gene ""ORF1a"": Unable to align: no seed matches. Note that this gene will not be included in the results of the sequence.;When processing gene ""ORF1b"": Unable to align: no seed matches. Note that this gene will not be included in the results of the sequence.;When processing gene ""ORF6"": Unable to align: no seed matches. Note that this gene will not be included in the results of the sequence.;When processing gene ""ORF7a"": Unable to align: no seed matches. Note that this gene will not be included in the results of the sequence.;When processing gene ""ORF8"": Unable to align: no seed matches. Note that this gene will not be included in the results of the sequence.;When processing gene ""ORF9b"": Unable to align: no seed matches. Note that this gene will not be included in the results of the sequence.","E;M;N;ORF1a;ORF1b;ORF6;ORF7a;ORF8;ORF9b"
"56J|S141","","When processing gene ""E"": Unable to align: no seed matches. Note that this gene will not be included in the results of the sequence.;When processing gene ""M"": Unable to align: no seed matches. Note that this gene will not be included in the results of the sequence.;When processing gene ""N"": Unable to align: no seed matches. Note that this gene will not be included in the results of the sequence.;When processing gene ""ORF1a"": Unable to align: no seed matches. Note that this gene will not be included in the results of the sequence.;When processing gene ""ORF1b"": Unable to align: no seed matches. Note that this gene will not be included in the results of the sequence.;When processing gene ""ORF6"": Unable to align: no seed matches. Note that this gene will not be included in the results of the sequence.;When processing gene ""ORF7a"": Unable to align: no seed matches. Note that this gene will not be included in the results of the sequence.;When processing gene ""ORF8"": Unable to align: no seed matches. Note that this gene will not be included in the results of the sequence.;When processing gene ""ORF9b"": Unable to align: no seed matches. Note that this gene will not be included in the results of the sequence.","E;M;N;ORF1a;ORF1b;ORF6;ORF7a;ORF8;ORF9b"
"2J|S144","","When processing gene ""E"": Unable to align: no seed matches. Note that this gene will not be included in the results of the sequence.;When processing gene ""M"": Unable to align: no seed matches. Note that this gene will not be included in the results of the sequence.;When processing gene ""N"": Unable to align: no seed matches. Note that this gene will not be included in the results of the sequence.;When processing gene ""ORF1a"": Unable to align: no seed matches. Note that this gene will not be included in the results of the sequence.;When processing gene ""ORF1b"": Unable to align: no seed matches. Note that this gene will not be included in the results of the sequence.;When processing gene ""ORF6"": Unable to align: no seed matches. Note that this gene will not be included in the results of the sequence.;When processing gene ""ORF7a"": Unable to align: no seed matches. Note that this gene will not be included in the results of the sequence.;When processing gene ""ORF8"": Unable to align: no seed matches. Note that this gene will not be included in the results of the sequence.;When processing gene ""ORF9b"": Unable to align: no seed matches. Note that this gene will not be included in the results of the sequence.","E;M;N;ORF1a;ORF1b;ORF6;ORF7a;ORF8;ORF9b"
"44J|S145","","When processing gene ""E"": Unable to align: no seed matches. Note that this gene will not be included in the results of the sequence.;When processing gene ""M"": Unable to align: no seed matches. Note that this gene will not be included in the results of the sequence.;When processing gene ""N"": Unable to align: no seed matches. Note that this gene will not be included in the results of the sequence.;When processing gene ""ORF1a"": Unable to align: no seed matches. Note that this gene will not be included in the results of the sequence.;When processing gene ""ORF1b"": Unable to align: no seed matches. Note that this gene will not be included in the results of the sequence.;When processing gene ""ORF6"": Unable to align: no seed matches. Note that this gene will not be included in the results of the sequence.;When processing gene ""ORF7a"": Unable to align: no seed matches. Note that this gene will not be included in the results of the sequence.;When processing gene ""ORF8"": Unable to align: no seed matches. Note that this gene will not be included in the results of the sequence.;When processing gene ""ORF9b"": Unable to align: no seed matches. Note that this gene will not be included in the results of the sequence.","E;M;N;ORF1a;ORF1b;ORF6;ORF7a;ORF8;ORF9b"
"1J|S146","","When processing gene ""E"": Unable to align: no seed matches. Note that this gene will not be included in the results of the sequence.;When processing gene ""M"": Unable to align: no seed matches. Note that this gene will not be included in the results of the sequence.;When processing gene ""N"": Unable to align: no seed matches. Note that this gene will not be included in the results of the sequence.;When processing gene ""ORF1a"": Unable to align: no seed matches. Note that this gene will not be included in the results of the sequence.;When processing gene ""ORF1b"": Unable to align: no seed matches. Note that this gene will not be included in the results of the sequence.;When processing gene ""ORF6"": Unable to align: no seed matches. Note that this gene will not be included in the results of the sequence.;When processing gene ""ORF7a"": Unable to align: no seed matches. Note that this gene will not be included in the results of the sequence.;When processing gene ""ORF8"": Unable to align: no seed matches. Note that this gene will not be included in the results of the sequence.;When processing gene ""ORF9b"": Unable to align: no seed matches. Note that this gene will not be included in the results of the sequence.","E;M;N;ORF1a;ORF1b;ORF6;ORF7a;ORF8;ORF9b"
"6J|S146","","When processing gene ""E"": Unable to align: no seed matches. Note that this gene will not be included in the results of the sequence.;When processing gene ""M"": Unable to align: no seed matches. Note that this gene will not be included in the results of the sequence.;When processing gene ""N"": Unable to align: no seed matches. Note that this gene will not be included in the results of the sequence.;When processing gene ""ORF1a"": Unable to align: no seed matches. Note that this gene will not be included in the results of the sequence.;When processing gene ""ORF1b"": Unable to align: no seed matches. Note that this gene will not be included in the results of the sequence.;When processing gene ""ORF6"": Unable to align: no seed matches. Note that this gene will not be included in the results of the sequence.;When processing gene ""ORF7a"": Unable to align: no seed matches. Note that this gene will not be included in the results of the sequence.;When processing gene ""ORF8"": Unable to align: no seed matches. Note that this gene will not be included in the results of the sequence.;When processing gene ""ORF9b"": Unable to align: no seed matches. Note that this gene will not be included in the results of the sequence.","E;M;N;ORF1a;ORF1b;ORF6;ORF7a;ORF8;ORF9b"
"11J|S147","","When processing gene ""E"": Unable to align: no seed matches. Note that this gene will not be included in the results of the sequence.;When processing gene ""M"": Unable to align: no seed matches. Note that this gene will not be included in the results of the sequence.;When processing gene ""N"": Unable to align: no seed matches. Note that this gene will not be included in the results of the sequence.;When processing gene ""ORF1a"": Unable to align: no seed matches. Note that this gene will not be included in the results of the sequence.;When processing gene ""ORF1b"": Unable to align: no seed matches. Note that this gene will not be included in the results of the sequence.;When processing gene ""ORF6"": Unable to align: no seed matches. Note that this gene will not be included in the results of the sequence.;When processing gene ""ORF7a"": Unable to align: no seed matches. Note that this gene will not be included in the results of the sequence.;When processing gene ""ORF8"": Unable to align: no seed matches. Note that this gene will not be included in the results of the sequence.;When processing gene ""ORF9b"": Unable to align: no seed matches. Note that this gene will not be included in the results of the sequence.","E;M;N;ORF1a;ORF1b;ORF6;ORF7a;ORF8;ORF9b"
"50J|S148","","When processing gene ""E"": Unable to align: no seed matches. Note that this gene will not be included in the results of the sequence.;When processing gene ""M"": Unable to align: no seed matches. Note that this gene will not be included in the results of the sequence.;When processing gene ""N"": Unable to align: no seed matches. Note that this gene will not be included in the results of the sequence.;When processing gene ""ORF1a"": Unable to align: no seed matches. Note that this gene will not be included in the results of the sequence.;When processing gene ""ORF1b"": Unable to align: no seed matches. Note that this gene will not be included in the results of the sequence.;When processing gene ""ORF6"": Unable to align: no seed matches. Note that this gene will not be included in the results of the sequence.;When processing gene ""ORF7a"": Unable to align: no seed matches. Note that this gene will not be included in the results of the sequence.;When processing gene ""ORF8"": Unable to align: no seed matches. Note that this gene will not be included in the results of the sequence.;When processing gene ""ORF9b"": Unable to align: no seed matches. Note that this gene will not be included in the results of the sequence.","E;M;N;ORF1a;ORF1b;ORF6;ORF7a;ORF8;ORF9b"
"54J|S149","","When processing gene ""E"": Unable to align: no seed matches. Note that this gene will not be included in the results of the sequence.;When processing gene ""M"": Unable to align: no seed matches. Note that this gene will not be included in the results of the sequence.;When processing gene ""N"": Unable to align: no seed matches. Note that this gene will not be included in the results of the sequence.;When processing gene ""ORF1a"": Unable to align: no seed matches. Note that this gene will not be included in the results of the sequence.;When processing gene ""ORF1b"": Unable to align: no seed matches. Note that this gene will not be included in the results of the sequence.;When processing gene ""ORF6"": Unable to align: no seed matches. Note that this gene will not be included in the results of the sequence.;When processing gene ""ORF7a"": Unable to align: no seed matches. Note that this gene will not be included in the results of the sequence.;When processing gene ""ORF8"": Unable to align: no seed matches. Note that this gene will not be included in the results of the sequence.;When processing gene ""ORF9b"": Unable to align: no seed matches. Note that this gene will not be included in the results of the sequence.","E;M;N;ORF1a;ORF1b;ORF6;ORF7a;ORF8;ORF9b"
"81B|S16","","When processing gene ""E"": Unable to align: no seed matches. Note that this gene will not be included in the results of the sequence.;When processing gene ""M"": Unable to align: no seed matches. Note that this gene will not be included in the results of the sequence.;When processing gene ""N"": Unable to align: no seed matches. Note that this gene will not be included in the results of the sequence.;When processing gene ""ORF1a"": Unable to align: no seed matches. Note that this gene will not be included in the results of the sequence.;When processing gene ""ORF1b"": Unable to align: no seed matches. Note that this gene will not be included in the results of the sequence.;When processing gene ""ORF6"": Unable to align: no seed matches. Note that this gene will not be included in the results of the sequence.;When processing gene ""ORF7a"": Unable to align: no seed matches. Note that this gene will not be included in the results of the sequence.;When processing gene ""ORF8"": Unable to align: no seed matches. Note that this gene will not be included in the results of the sequence.;When processing gene ""ORF9b"": Unable to align: no seed matches. Note that this gene will not be included in the results of the sequence.","E;M;N;ORF1a;ORF1b;ORF6;ORF7a;ORF8;ORF9b"
"1B|S19","","When processing gene ""E"": Unable to align: no seed matches. Note that this gene will not be included in the results of the sequence.;When processing gene ""M"": Unable to align: no seed matches. Note that this gene will not be included in the results of the sequence.;When processing gene ""N"": Unable to align: no seed matches. Note that this gene will not be included in the results of the sequence.;When processing gene ""ORF1a"": Unable to align: no seed matches. Note that this gene will not be included in the results of the sequence.;When processing gene ""ORF1b"": Unable to align: no seed matches. Note that this gene will not be included in the results of the sequence.;When processing gene ""ORF6"": Unable to align: no seed matches. Note that this gene will not be included in the results of the sequence.;When processing gene ""ORF7a"": Unable to align: no seed matches. Note that this gene will not be included in the results of the sequence.;When processing gene ""ORF8"": Unable to align: no seed matches. Note that this gene will not be included in the results of the sequence.;When processing gene ""ORF9b"": Unable to align: no seed matches. Note that this gene will not be included in the results of the sequence.","E;M;N;ORF1a;ORF1b;ORF6;ORF7a;ORF8;ORF9b"
"2B|S20","","When processing gene ""E"": Unable to align: no seed matches. Note that this gene will not be included in the results of the sequence.;When processing gene ""M"": Unable to align: no seed matches. Note that this gene will not be included in the results of the sequence.;When processing gene ""N"": Unable to align: no seed matches. Note that this gene will not be included in the results of the sequence.;When processing gene ""ORF1a"": Unable to align: no seed matches. Note that this gene will not be included in the results of the sequence.;When processing gene ""ORF1b"": Unable to align: no seed matches. Note that this gene will not be included in the results of the sequence.;When processing gene ""ORF6"": Unable to align: no seed matches. Note that this gene will not be included in the results of the sequence.;When processing gene ""ORF7a"": Unable to align: no seed matches. Note that this gene will not be included in the results of the sequence.;When processing gene ""ORF8"": Unable to align: no seed matches. Note that this gene will not be included in the results of the sequence.;When processing gene ""ORF9b"": Unable to align: no seed matches. Note that this gene will not be included in the results of the sequence.","E;M;N;ORF1a;ORF1b;ORF6;ORF7a;ORF8;ORF9b"
"360C|S23","","When processing gene ""E"": Unable to align: no seed matches. Note that this gene will not be included in the results of the sequence.;When processing gene ""M"": Unable to align: no seed matches. Note that this gene will not be included in the results of the sequence.;When processing gene ""N"": Unable to align: no seed matches. Note that this gene will not be included in the results of the sequence.;When processing gene ""ORF1a"": Unable to align: no seed matches. Note that this gene will not be included in the results of the sequence.;When processing gene ""ORF1b"": Unable to align: no seed matches. Note that this gene will not be included in the results of the sequence.;When processing gene ""ORF6"": Unable to align: no seed matches. Note that this gene will not be included in the results of the sequence.;When processing gene ""ORF7a"": Unable to align: no seed matches. Note that this gene will not be included in the results of the sequence.;When processing gene ""ORF8"": Unable to align: no seed matches. Note that this gene will not be included in the results of the sequence.;When processing gene ""ORF9b"": Unable to align: no seed matches. Note that this gene will not be included in the results of the sequence.","E;M;N;ORF1a;ORF1b;ORF6;ORF7a;ORF8;ORF9b"
"362C|S24","","When processing gene ""E"": Unable to align: no seed matches. Note that this gene will not be included in the results of the sequence.;When processing gene ""M"": Unable to align: no seed matches. Note that this gene will not be included in the results of the sequence.;When processing gene ""N"": Unable to align: no seed matches. Note that this gene will not be included in the results of the sequence.;When processing gene ""ORF1a"": Unable to align: no seed matches. Note that this gene will not be included in the results of the sequence.;When processing gene ""ORF1b"": Unable to align: no seed matches. Note that this gene will not be included in the results of the sequence.;When processing gene ""ORF3a"": Unable to align: no seed matches. Note that this gene will not be included in the results of the sequence.;When processing gene ""ORF6"": Unable to align: no seed matches. Note that this gene will not be included in the results of the sequence.;When processing gene ""ORF7a"": Unable to align: no seed matches. Note that this gene will not be included in the results of the sequence.;When processing gene ""ORF8"": Unable to align: no seed matches. Note that this gene will not be included in the results of the sequence.;When processing gene ""ORF9b"": Unable to align: no seed matches. Note that this gene will not be included in the results of the sequence.","E;M;N;ORF1a;ORF1b;ORF3a;ORF6;ORF7a;ORF8;ORF9b"
"7C|S28","","When processing gene ""E"": Unable to align: no seed matches. Note that this gene will not be included in the results of the sequence.;When processing gene ""M"": Unable to align: no seed matches. Note that this gene will not be included in the results of the sequence.;When processing gene ""N"": Unable to align: no seed matches. Note that this gene will not be included in the results of the sequence.;When processing gene ""ORF1a"": Unable to align: no seed matches. Note that this gene will not be included in the results of the sequence.;When processing gene ""ORF1b"": Unable to align: no seed matches. Note that this gene will not be included in the results of the sequence.;When processing gene ""ORF6"": Unable to align: no seed matches. Note that this gene will not be included in the results of the sequence.;When processing gene ""ORF7a"": Unable to align: no seed matches. Note that this gene will not be included in the results of the sequence.;When processing gene ""ORF8"": Unable to align: no seed matches. Note that this gene will not be included in the results of the sequence.;When processing gene ""ORF9b"": Unable to align: no seed matches. Note that this gene will not be included in the results of the sequence.","E;M;N;ORF1a;ORF1b;ORF6;ORF7a;ORF8;ORF9b"
"219A|S3","","When processing gene ""E"": Unable to align: no seed matches. Note that this gene will not be included in the results of the sequence.;When processing gene ""M"": Unable to align: no seed matches. Note that this gene will not be included in the results of the sequence.;When processing gene ""N"": Unable to align: no seed matches. Note that this gene will not be included in the results of the sequence.;When processing gene ""ORF1a"": Unable to align: no seed matches. Note that this gene will not be included in the results of the sequence.;When processing gene ""ORF1b"": Unable to align: no seed matches. Note that this gene will not be included in the results of the sequence.;When processing gene ""ORF6"": Unable to align: no seed matches. Note that this gene will not be included in the results of the sequence.;When processing gene ""ORF7a"": Unable to align: no seed matches. Note that this gene will not be included in the results of the sequence.;When processing gene ""ORF8"": Unable to align: no seed matches. Note that this gene will not be included in the results of the sequence.;When processing gene ""ORF9b"": Unable to align: no seed matches. Note that this gene will not be included in the results of the sequence.","E;M;N;ORF1a;ORF1b;ORF6;ORF7a;ORF8;ORF9b"
"376D|S31","","When processing gene ""E"": Unable to align: no seed matches. Note that this gene will not be included in the results of the sequence.;When processing gene ""M"": Unable to align: no seed matches. Note that this gene will not be included in the results of the sequence.;When processing gene ""N"": Unable to align: no seed matches. Note that this gene will not be included in the results of the sequence.;When processing gene ""ORF1a"": Unable to align: no seed matches. Note that this gene will not be included in the results of the sequence.;When processing gene ""ORF1b"": Unable to align: no seed matches. Note that this gene will not be included in the results of the sequence.;When processing gene ""ORF3a"": Unable to align: no seed matches. Note that this gene will not be included in the results of the sequence.;When processing gene ""ORF6"": Unable to align: no seed matches. Note that this gene will not be included in the results of the sequence.;When processing gene ""ORF7a"": Unable to align: no seed matches. Note that this gene will not be included in the results of the sequence.;When processing gene ""ORF8"": Unable to align: no seed matches. Note that this gene will not be included in the results of the sequence.;When processing gene ""ORF9b"": Unable to align: no seed matches. Note that this gene will not be included in the results of the sequence.","E;M;N;ORF1a;ORF1b;ORF3a;ORF6;ORF7a;ORF8;ORF9b"
"381D|S32","","When processing gene ""E"": Unable to align: no seed matches. Note that this gene will not be included in the results of the sequence.;When processing gene ""M"": Unable to align: no seed matches. Note that this gene will not be included in the results of the sequence.;When processing gene ""N"": Unable to align: no seed matches. Note that this gene will not be included in the results of the sequence.;When processing gene ""ORF1a"": Unable to align: no seed matches. Note that this gene will not be included in the results of the sequence.;When processing gene ""ORF1b"": Unable to align: no seed matches. Note that this gene will not be included in the results of the sequence.;When processing gene ""ORF3a"": Unable to align: no seed matches. Note that this gene will not be included in the results of the sequence.;When processing gene ""ORF6"": Unable to align: no seed matches. Note that this gene will not be included in the results of the sequence.;When processing gene ""ORF7a"": Unable to align: no seed matches. Note that this gene will not be included in the results of the sequence.;When processing gene ""ORF8"": Unable to align: no seed matches. Note that this gene will not be included in the results of the sequence.;When processing gene ""ORF9b"": Unable to align: no seed matches. Note that this gene will not be included in the results of the sequence.","E;M;N;ORF1a;ORF1b;ORF3a;ORF6;ORF7a;ORF8;ORF9b"
"476D|S35","","When processing gene ""E"": Unable to align: no seed matches. Note that this gene will not be included in the results of the sequence.;When processing gene ""M"": Unable to align: no seed matches. Note that this gene will not be included in the results of the sequence.;When processing gene ""N"": Unable to align: no seed matches. Note that this gene will not be included in the results of the sequence.;When processing gene ""ORF1a"": Unable to align: no seed matches. Note that this gene will not be included in the results of the sequence.;When processing gene ""ORF1b"": Unable to align: no seed matches. Note that this gene will not be included in the results of the sequence.;When processing gene ""ORF3a"": Unable to align: no seed matches. Note that this gene will not be included in the results of the sequence.;When processing gene ""ORF6"": Unable to align: no seed matches. Note that this gene will not be included in the results of the sequence.;When processing gene ""ORF7a"": Unable to align: no seed matches. Note that this gene will not be included in the results of the sequence.;When processing gene ""ORF8"": Unable to align: no seed matches. Note that this gene will not be included in the results of the sequence.;When processing gene ""ORF9b"": Unable to align: no seed matches. Note that this gene will not be included in the results of the sequence.","E;M;N;ORF1a;ORF1b;ORF3a;ORF6;ORF7a;ORF8;ORF9b"
"2D|S36","","When processing gene ""E"": Unable to align: no seed matches. Note that this gene will not be included in the results of the sequence.;When processing gene ""M"": Unable to align: no seed matches. Note that this gene will not be included in the results of the sequence.;When processing gene ""N"": Unable to align: no seed matches. Note that this gene will not be included in the results of the sequence.;When processing gene ""ORF1a"": Unable to align: no seed matches. Note that this gene will not be included in the results of the sequence.;When processing gene ""ORF1b"": Unable to align: no seed matches. Note that this gene will not be included in the results of the sequence.;When processing gene ""ORF3a"": Unable to align: no seed matches. Note that this gene will not be included in the results of the sequence.;When processing gene ""ORF6"": Unable to align: no seed matches. Note that this gene will not be included in the results of the sequence.;When processing gene ""ORF7a"": Unable to align: no seed matches. Note that this gene will not be included in the results of the sequence.;When processing gene ""ORF8"": Unable to align: no seed matches. Note that this gene will not be included in the results of the sequence.;When processing gene ""ORF9b"": Unable to align: no seed matches. Note that this gene will not be included in the results of the sequence.","E;M;N;ORF1a;ORF1b;ORF3a;ORF6;ORF7a;ORF8;ORF9b"
"29D|S37","","When processing gene ""E"": Unable to align: no seed matches. Note that this gene will not be included in the results of the sequence.;When processing gene ""M"": Unable to align: no seed matches. Note that this gene will not be included in the results of the sequence.;When processing gene ""N"": Unable to align: no seed matches. Note that this gene will not be included in the results of the sequence.;When processing gene ""ORF1a"": Unable to align: no seed matches. Note that this gene will not be included in the results of the sequence.;When processing gene ""ORF1b"": Unable to align: no seed matches. Note that this gene will not be included in the results of the sequence.;When processing gene ""ORF3a"": Unable to align: no seed matches. Note that this gene will not be included in the results of the sequence.;When processing gene ""ORF6"": Unable to align: no seed matches. Note that this gene will not be included in the results of the sequence.;When processing gene ""ORF7a"": Unable to align: no seed matches. Note that this gene will not be included in the results of the sequence.;When processing gene ""ORF8"": Unable to align: no seed matches. Note that this gene will not be included in the results of the sequence.;When processing gene ""ORF9b"": Unable to align: no seed matches. Note that this gene will not be included in the results of the sequence.","E;M;N;ORF1a;ORF1b;ORF3a;ORF6;ORF7a;ORF8;ORF9b"
"46D|S39","","When processing gene ""E"": Unable to align: no seed matches. Note that this gene will not be included in the results of the sequence.;When processing gene ""M"": Unable to align: no seed matches. Note that this gene will not be included in the results of the sequence.;When processing gene ""N"": Unable to align: no seed matches. Note that this gene will not be included in the results of the sequence.;When processing gene ""ORF1a"": Unable to align: no seed matches. Note that this gene will not be included in the results of the sequence.;When processing gene ""ORF1b"": Unable to align: no seed matches. Note that this gene will not be included in the results of the sequence.;When processing gene ""ORF3a"": Unable to align: no seed matches. Note that this gene will not be included in the results of the sequence.;When processing gene ""ORF6"": Unable to align: no seed matches. Note that this gene will not be included in the results of the sequence.;When processing gene ""ORF7a"": Unable to align: no seed matches. Note that this gene will not be included in the results of the sequence.;When processing gene ""ORF8"": Unable to align: no seed matches. Note that this gene will not be included in the results of the sequence.;When processing gene ""ORF9b"": Unable to align: no seed matches. Note that this gene will not be included in the results of the sequence.","E;M;N;ORF1a;ORF1b;ORF3a;ORF6;ORF7a;ORF8;ORF9b"
"28D|S40","","When processing gene ""E"": Unable to align: no seed matches. Note that this gene will not be included in the results of the sequence.;When processing gene ""M"": Unable to align: no seed matches. Note that this gene will not be included in the results of the sequence.;When processing gene ""N"": Unable to align: no seed matches. Note that this gene will not be included in the results of the sequence.;When processing gene ""ORF1a"": Unable to align: no seed matches. Note that this gene will not be included in the results of the sequence.;When processing gene ""ORF1b"": Unable to align: no seed matches. Note that this gene will not be included in the results of the sequence.;When processing gene ""ORF3a"": Unable to align: no seed matches. Note that this gene will not be included in the results of the sequence.;When processing gene ""ORF6"": Unable to align: no seed matches. Note that this gene will not be included in the results of the sequence.;When processing gene ""ORF7a"": Unable to align: no seed matches. Note that this gene will not be included in the results of the sequence.;When processing gene ""ORF8"": Unable to align: no seed matches. Note that this gene will not be included in the results of the sequence.;When processing gene ""ORF9b"": Unable to align: no seed matches. Note that this gene will not be included in the results of the sequence.","E;M;N;ORF1a;ORF1b;ORF3a;ORF6;ORF7a;ORF8;ORF9b"
"495E|S43","","When processing gene ""E"": Unable to align: no seed matches. Note that this gene will not be included in the results of the sequence.;When processing gene ""M"": Unable to align: no seed matches. Note that this gene will not be included in the results of the sequence.;When processing gene ""N"": Unable to align: no seed matches. Note that this gene will not be included in the results of the sequence.;When processing gene ""ORF1a"": Unable to align: no seed matches. Note that this gene will not be included in the results of the sequence.;When processing gene ""ORF1b"": Unable to align: no seed matches. Note that this gene will not be included in the results of the sequence.;When processing gene ""ORF3a"": Unable to align: no seed matches. Note that this gene will not be included in the results of the sequence.;When processing gene ""ORF6"": Unable to align: no seed matches. Note that this gene will not be included in the results of the sequence.;When processing gene ""ORF7a"": Unable to align: no seed matches. Note that this gene will not be included in the results of the sequence.;When processing gene ""ORF8"": Unable to align: no seed matches. Note that this gene will not be included in the results of the sequence.;When processing gene ""ORF9b"": Unable to align: no seed matches. Note that this gene will not be included in the results of the sequence.","E;M;N;ORF1a;ORF1b;ORF3a;ORF6;ORF7a;ORF8;ORF9b"
"501E|S44","","When processing gene ""E"": Unable to align: no seed matches. Note that this gene will not be included in the results of the sequence.;When processing gene ""M"": Unable to align: no seed matches. Note that this gene will not be included in the results of the sequence.;When processing gene ""N"": Unable to align: no seed matches. Note that this gene will not be included in the results of the sequence.;When processing gene ""ORF1a"": Unable to align: no seed matches. Note that this gene will not be included in the results of the sequence.;When processing gene ""ORF1b"": Unable to align: no seed matches. Note that this gene will not be included in the results of the sequence.;When processing gene ""ORF3a"": Unable to align: no seed matches. Note that this gene will not be included in the results of the sequence.;When processing gene ""ORF6"": Unable to align: no seed matches. Note that this gene will not be included in the results of the sequence.;When processing gene ""ORF7a"": Unable to align: no seed matches. Note that this gene will not be included in the results of the sequence.;When processing gene ""ORF8"": Unable to align: no seed matches. Note that this gene will not be included in the results of the sequence.;When processing gene ""ORF9b"": Unable to align: no seed matches. Note that this gene will not be included in the results of the sequence.","E;M;N;ORF1a;ORF1b;ORF3a;ORF6;ORF7a;ORF8;ORF9b"
"27E|S50","","When processing gene ""E"": Unable to align: no seed matches. Note that this gene will not be included in the results of the sequence.;When processing gene ""M"": Unable to align: no seed matches. Note that this gene will not be included in the results of the sequence.;When processing gene ""N"": Unable to align: no seed matches. Note that this gene will not be included in the results of the sequence.;When processing gene ""ORF1a"": Unable to align: no seed matches. Note that this gene will not be included in the results of the sequence.;When processing gene ""ORF1b"": Unable to align: no seed matches. Note that this gene will not be included in the results of the sequence.;When processing gene ""ORF3a"": Unable to align: no seed matches. Note that this gene will not be included in the results of the sequence.;When processing gene ""ORF6"": Unable to align: no seed matches. Note that this gene will not be included in the results of the sequence.;When processing gene ""ORF7a"": Unable to align: no seed matches. Note that this gene will not be included in the results of the sequence.;When processing gene ""ORF8"": Unable to align: no seed matches. Note that this gene will not be included in the results of the sequence.;When processing gene ""ORF9b"": Unable to align: no seed matches. Note that this gene will not be included in the results of the sequence.","E;M;N;ORF1a;ORF1b;ORF3a;ORF6;ORF7a;ORF8;ORF9b"
"144E|S53","","When processing gene ""E"": Unable to align: no seed matches. Note that this gene will not be included in the results of the sequence.;When processing gene ""M"": Unable to align: no seed matches. Note that this gene will not be included in the results of the sequence.;When processing gene ""N"": Unable to align: no seed matches. Note that this gene will not be included in the results of the sequence.;When processing gene ""ORF1a"": Unable to align: no seed matches. Note that this gene will not be included in the results of the sequence.;When processing gene ""ORF1b"": Unable to align: no seed matches. Note that this gene will not be included in the results of the sequence.;When processing gene ""ORF3a"": Unable to align: no seed matches. Note that this gene will not be included in the results of the sequence.;When processing gene ""ORF6"": Unable to align: no seed matches. Note that this gene will not be included in the results of the sequence.;When processing gene ""ORF7a"": Unable to align: no seed matches. Note that this gene will not be included in the results of the sequence.;When processing gene ""ORF8"": Unable to align: no seed matches. Note that this gene will not be included in the results of the sequence.;When processing gene ""ORF9b"": Unable to align: no seed matches. Note that this gene will not be included in the results of the sequence.","E;M;N;ORF1a;ORF1b;ORF3a;ORF6;ORF7a;ORF8;ORF9b"
"172E|S57","","When processing gene ""E"": Unable to align: no seed matches. Note that this gene will not be included in the results of the sequence.;When processing gene ""M"": Unable to align: no seed matches. Note that this gene will not be included in the results of the sequence.;When processing gene ""N"": Unable to align: no seed matches. Note that this gene will not be included in the results of the sequence.;When processing gene ""ORF1a"": Unable to align: no seed matches. Note that this gene will not be included in the results of the sequence.;When processing gene ""ORF1b"": Unable to align: no seed matches. Note that this gene will not be included in the results of the sequence.;When processing gene ""ORF6"": Unable to align: no seed matches. Note that this gene will not be included in the results of the sequence.;When processing gene ""ORF7a"": Unable to align: no seed matches. Note that this gene will not be included in the results of the sequence.;When processing gene ""ORF8"": Unable to align: no seed matches. Note that this gene will not be included in the results of the sequence.;When processing gene ""ORF9b"": Unable to align: no seed matches. Note that this gene will not be included in the results of the sequence.","E;M;N;ORF1a;ORF1b;ORF6;ORF7a;ORF8;ORF9b"
"205E|S58","","When processing gene ""E"": Unable to align: no seed matches. Note that this gene will not be included in the results of the sequence.;When processing gene ""M"": Unable to align: no seed matches. Note that this gene will not be included in the results of the sequence.;When processing gene ""N"": Unable to align: no seed matches. Note that this gene will not be included in the results of the sequence.;When processing gene ""ORF1a"": Unable to align: no seed matches. Note that this gene will not be included in the results of the sequence.;When processing gene ""ORF1b"": Unable to align: no seed matches. Note that this gene will not be included in the results of the sequence.;When processing gene ""ORF3a"": Unable to align: no seed matches. Note that this gene will not be included in the results of the sequence.;When processing gene ""ORF6"": Unable to align: no seed matches. Note that this gene will not be included in the results of the sequence.;When processing gene ""ORF7a"": Unable to align: no seed matches. Note that this gene will not be included in the results of the sequence.;When processing gene ""ORF8"": Unable to align: no seed matches. Note that this gene will not be included in the results of the sequence.;When processing gene ""ORF9b"": Unable to align: no seed matches. Note that this gene will not be included in the results of the sequence.","E;M;N;ORF1a;ORF1b;ORF3a;ORF6;ORF7a;ORF8;ORF9b"
"369A|S6","","When processing gene ""E"": Unable to align: no seed matches. Note that this gene will not be included in the results of the sequence.;When processing gene ""M"": Unable to align: no seed matches. Note that this gene will not be included in the results of the sequence.;When processing gene ""N"": Unable to align: no seed matches. Note that this gene will not be included in the results of the sequence.;When processing gene ""ORF1a"": Unable to align: no seed matches. Note that this gene will not be included in the results of the sequence.;When processing gene ""ORF1b"": Unable to align: no seed matches. Note that this gene will not be included in the results of the sequence.;When processing gene ""ORF6"": Unable to align: no seed matches. Note that this gene will not be included in the results of the sequence.;When processing gene ""ORF7a"": Unable to align: no seed matches. Note that this gene will not be included in the results of the sequence.;When processing gene ""ORF8"": Unable to align: no seed matches. Note that this gene will not be included in the results of the sequence.;When processing gene ""ORF9b"": Unable to align: no seed matches. Note that this gene will not be included in the results of the sequence.","E;M;N;ORF1a;ORF1b;ORF6;ORF7a;ORF8;ORF9b"
"346F|S66","","When processing gene ""E"": Unable to align: no seed matches. Note that this gene will not be included in the results of the sequence.;When processing gene ""M"": Unable to align: no seed matches. Note that this gene will not be included in the results of the sequence.;When processing gene ""N"": Unable to align: no seed matches. Note that this gene will not be included in the results of the sequence.;When processing gene ""ORF1a"": Unable to align: no seed matches. Note that this gene will not be included in the results of the sequence.;When processing gene ""ORF1b"": Unable to align: no seed matches. Note that this gene will not be included in the results of the sequence.;When processing gene ""ORF6"": Unable to align: no seed matches. Note that this gene will not be included in the results of the sequence.;When processing gene ""ORF7a"": Unable to align: no seed matches. Note that this gene will not be included in the results of the sequence.;When processing gene ""ORF8"": Unable to align: no seed matches. Note that this gene will not be included in the results of the sequence.;When processing gene ""ORF9b"": Unable to align: no seed matches. Note that this gene will not be included in the results of the sequence.","E;M;N;ORF1a;ORF1b;ORF6;ORF7a;ORF8;ORF9b"
"134F|S67","","When processing gene ""E"": Unable to align: no seed matches. Note that this gene will not be included in the results of the sequence.;When processing gene ""M"": Unable to align: no seed matches. Note that this gene will not be included in the results of the sequence.;When processing gene ""N"": Unable to align: no seed matches. Note that this gene will not be included in the results of the sequence.;When processing gene ""ORF1a"": Unable to align: no seed matches. Note that this gene will not be included in the results of the sequence.;When processing gene ""ORF1b"": Unable to align: no seed matches. Note that this gene will not be included in the results of the sequence.;When processing gene ""ORF6"": Unable to align: no seed matches. Note that this gene will not be included in the results of the sequence.;When processing gene ""ORF7a"": Unable to align: no seed matches. Note that this gene will not be included in the results of the sequence.;When processing gene ""ORF8"": Unable to align: no seed matches. Note that this gene will not be included in the results of the sequence.;When processing gene ""ORF9b"": Unable to align: no seed matches. Note that this gene will not be included in the results of the sequence.","E;M;N;ORF1a;ORF1b;ORF6;ORF7a;ORF8;ORF9b"
"99F|S70","","When processing gene ""E"": Unable to align: no seed matches. Note that this gene will not be included in the results of the sequence.;When processing gene ""M"": Unable to align: no seed matches. Note that this gene will not be included in the results of the sequence.;When processing gene ""N"": Unable to align: no seed matches. Note that this gene will not be included in the results of the sequence.;When processing gene ""ORF1a"": Unable to align: no seed matches. Note that this gene will not be included in the results of the sequence.;When processing gene ""ORF1b"": Unable to align: no seed matches. Note that this gene will not be included in the results of the sequence.;When processing gene ""ORF6"": Unable to align: no seed matches. Note that this gene will not be included in the results of the sequence.;When processing gene ""ORF7a"": Unable to align: no seed matches. Note that this gene will not be included in the results of the sequence.;When processing gene ""ORF8"": Unable to align: no seed matches. Note that this gene will not be included in the results of the sequence.;When processing gene ""ORF9b"": Unable to align: no seed matches. Note that this gene will not be included in the results of the sequence.","E;M;N;ORF1a;ORF1b;ORF6;ORF7a;ORF8;ORF9b"
"16F|S74","","When processing gene ""E"": Unable to align: no seed matches. Note that this gene will not be included in the results of the sequence.;When processing gene ""M"": Unable to align: no seed matches. Note that this gene will not be included in the results of the sequence.;When processing gene ""N"": Unable to align: no seed matches. Note that this gene will not be included in the results of the sequence.;When processing gene ""ORF1a"": Unable to align: no seed matches. Note that this gene will not be included in the results of the sequence.;When processing gene ""ORF1b"": Unable to align: no seed matches. Note that this gene will not be included in the results of the sequence.;When processing gene ""ORF6"": Unable to align: no seed matches. Note that this gene will not be included in the results of the sequence.;When processing gene ""ORF7a"": Unable to align: no seed matches. Note that this gene will not be included in the results of the sequence.;When processing gene ""ORF8"": Unable to align: no seed matches. Note that this gene will not be included in the results of the sequence.;When processing gene ""ORF9b"": Unable to align: no seed matches. Note that this gene will not be included in the results of the sequence.","E;M;N;ORF1a;ORF1b;ORF6;ORF7a;ORF8;ORF9b"
"64F|S75","","When processing gene ""E"": Unable to align: no seed matches. Note that this gene will not be included in the results of the sequence.;When processing gene ""M"": Unable to align: no seed matches. Note that this gene will not be included in the results of the sequence.;When processing gene ""N"": Unable to align: no seed matches. Note that this gene will not be included in the results of the sequence.;When processing gene ""ORF1a"": Unable to align: no seed matches. Note that this gene will not be included in the results of the sequence.;When processing gene ""ORF1b"": Unable to align: no seed matches. Note that this gene will not be included in the results of the sequence.;When processing gene ""ORF6"": Unable to align: no seed matches. Note that this gene will not be included in the results of the sequence.;When processing gene ""ORF7a"": Unable to align: no seed matches. Note that this gene will not be included in the results of the sequence.;When processing gene ""ORF8"": Unable to align: no seed matches. Note that this gene will not be included in the results of the sequence.;When processing gene ""ORF9b"": Unable to align: no seed matches. Note that this gene will not be included in the results of the sequence.","E;M;N;ORF1a;ORF1b;ORF6;ORF7a;ORF8;ORF9b"
"68F|S76","","When processing gene ""E"": Unable to align: no seed matches. Note that this gene will not be included in the results of the sequence.;When processing gene ""M"": Unable to align: no seed matches. Note that this gene will not be included in the results of the sequence.;When processing gene ""N"": Unable to align: no seed matches. Note that this gene will not be included in the results of the sequence.;When processing gene ""ORF1a"": Unable to align: no seed matches. Note that this gene will not be included in the results of the sequence.;When processing gene ""ORF1b"": Unable to align: no seed matches. Note that this gene will not be included in the results of the sequence.;When processing gene ""ORF6"": Unable to align: no seed matches. Note that this gene will not be included in the results of the sequence.;When processing gene ""ORF7a"": Unable to align: no seed matches. Note that this gene will not be included in the results of the sequence.;When processing gene ""ORF8"": Unable to align: no seed matches. Note that this gene will not be included in the results of the sequence.;When processing gene ""ORF9b"": Unable to align: no seed matches. Note that this gene will not be included in the results of the sequence.","E;M;N;ORF1a;ORF1b;ORF6;ORF7a;ORF8;ORF9b"
"117A|S8","","When processing gene ""E"": Unable to align: no seed matches. Note that this gene will not be included in the results of the sequence.;When processing gene ""M"": Unable to align: no seed matches. Note that this gene will not be included in the results of the sequence.;When processing gene ""N"": Unable to align: no seed matches. Note that this gene will not be included in the results of the sequence.;When processing gene ""ORF1a"": Unable to align: no seed matches. Note that this gene will not be included in the results of the sequence.;When processing gene ""ORF1b"": Unable to align: no seed matches. Note that this gene will not be included in the results of the sequence.;When processing gene ""ORF6"": Unable to align: no seed matches. Note that this gene will not be included in the results of the sequence.;When processing gene ""ORF7a"": Unable to align: no seed matches. Note that this gene will not be included in the results of the sequence.;When processing gene ""ORF8"": Unable to align: no seed matches. Note that this gene will not be included in the results of the sequence.;When processing gene ""ORF9b"": Unable to align: no seed matches. Note that this gene will not be included in the results of the sequence.","E;M;N;ORF1a;ORF1b;ORF6;ORF7a;ORF8;ORF9b"
"74F|S80","","When processing gene ""E"": Unable to align: no seed matches. Note that this gene will not be included in the results of the sequence.;When processing gene ""M"": Unable to align: no seed matches. Note that this gene will not be included in the results of the sequence.;When processing gene ""N"": Unable to align: no seed matches. Note that this gene will not be included in the results of the sequence.;When processing gene ""ORF1a"": Unable to align: no seed matches. Note that this gene will not be included in the results of the sequence.;When processing gene ""ORF1b"": Unable to align: no seed matches. Note that this gene will not be included in the results of the sequence.;When processing gene ""ORF6"": Unable to align: no seed matches. Note that this gene will not be included in the results of the sequence.;When processing gene ""ORF7a"": Unable to align: no seed matches. Note that this gene will not be included in the results of the sequence.;When processing gene ""ORF8"": Unable to align: no seed matches. Note that this gene will not be included in the results of the sequence.;When processing gene ""ORF9b"": Unable to align: no seed matches. Note that this gene will not be included in the results of the sequence.","E;M;N;ORF1a;ORF1b;ORF6;ORF7a;ORF8;ORF9b"
"46G|S81","","When processing gene ""E"": Unable to align: no seed matches. Note that this gene will not be included in the results of the sequence.;When processing gene ""M"": Unable to align: no seed matches. Note that this gene will not be included in the results of the sequence.;When processing gene ""N"": Unable to align: no seed matches. Note that this gene will not be included in the results of the sequence.;When processing gene ""ORF1a"": Unable to align: no seed matches. Note that this gene will not be included in the results of the sequence.;When processing gene ""ORF1b"": Unable to align: no seed matches. Note that this gene will not be included in the results of the sequence.;When processing gene ""ORF6"": Unable to align: no seed matches. Note that this gene will not be included in the results of the sequence.;When processing gene ""ORF7a"": Unable to align: no seed matches. Note that this gene will not be included in the results of the sequence.;When processing gene ""ORF8"": Unable to align: no seed matches. Note that this gene will not be included in the results of the sequence.;When processing gene ""ORF9b"": Unable to align: no seed matches. Note that this gene will not be included in the results of the sequence.","E;M;N;ORF1a;ORF1b;ORF6;ORF7a;ORF8;ORF9b"
"23G|S82","","When processing gene ""E"": Unable to align: no seed matches. Note that this gene will not be included in the results of the sequence.;When processing gene ""M"": Unable to align: no seed matches. Note that this gene will not be included in the results of the sequence.;When processing gene ""N"": Unable to align: no seed matches. Note that this gene will not be included in the results of the sequence.;When processing gene ""ORF1a"": Unable to align: no seed matches. Note that this gene will not be included in the results of the sequence.;When processing gene ""ORF1b"": Unable to align: no seed matches. Note that this gene will not be included in the results of the sequence.;When processing gene ""ORF6"": Unable to align: no seed matches. Note that this gene will not be included in the results of the sequence.;When processing gene ""ORF7a"": Unable to align: no seed matches. Note that this gene will not be included in the results of the sequence.;When processing gene ""ORF8"": Unable to align: no seed matches. Note that this gene will not be included in the results of the sequence.;When processing gene ""ORF9b"": Unable to align: no seed matches. Note that this gene will not be included in the results of the sequence.","E;M;N;ORF1a;ORF1b;ORF6;ORF7a;ORF8;ORF9b"
"20G|S83","","When processing gene ""E"": Unable to align: no seed matches. Note that this gene will not be included in the results of the sequence.;When processing gene ""M"": Unable to align: no seed matches. Note that this gene will not be included in the results of the sequence.;When processing gene ""N"": Unable to align: no seed matches. Note that this gene will not be included in the results of the sequence.;When processing gene ""ORF1a"": Unable to align: no seed matches. Note that this gene will not be included in the results of the sequence.;When processing gene ""ORF1b"": Unable to align: no seed matches. Note that this gene will not be included in the results of the sequence.;When processing gene ""ORF6"": Unable to align: no seed matches. Note that this gene will not be included in the results of the sequence.;When processing gene ""ORF7a"": Unable to align: no seed matches. Note that this gene will not be included in the results of the sequence.;When processing gene ""ORF8"": Unable to align: no seed matches. Note that this gene will not be included in the results of the sequence.;When processing gene ""ORF9b"": Unable to align: no seed matches. Note that this gene will not be included in the results of the sequence.","E;M;N;ORF1a;ORF1b;ORF6;ORF7a;ORF8;ORF9b"
"67G|S84","","When processing gene ""E"": Unable to align: no seed matches. Note that this gene will not be included in the results of the sequence.;When processing gene ""M"": Unable to align: no seed matches. Note that this gene will not be included in the results of the sequence.;When processing gene ""N"": Unable to align: no seed matches. Note that this gene will not be included in the results of the sequence.;When processing gene ""ORF1a"": Unable to align: no seed matches. Note that this gene will not be included in the results of the sequence.;When processing gene ""ORF1b"": Unable to align: no seed matches. Note that this gene will not be included in the results of the sequence.;When processing gene ""ORF6"": Unable to align: no seed matches. Note that this gene will not be included in the results of the sequence.;When processing gene ""ORF7a"": Unable to align: no seed matches. Note that this gene will not be included in the results of the sequence.;When processing gene ""ORF8"": Unable to align: no seed matches. Note that this gene will not be included in the results of the sequence.;When processing gene ""ORF9b"": Unable to align: no seed matches. Note that this gene will not be included in the results of the sequence.","E;M;N;ORF1a;ORF1b;ORF6;ORF7a;ORF8;ORF9b"
"62G|S85","","When processing gene ""E"": Unable to align: no seed matches. Note that this gene will not be included in the results of the sequence.;When processing gene ""M"": Unable to align: no seed matches. Note that this gene will not be included in the results of the sequence.;When processing gene ""N"": Unable to align: no seed matches. Note that this gene will not be included in the results of the sequence.;When processing gene ""ORF1a"": Unable to align: no seed matches. Note that this gene will not be included in the results of the sequence.;When processing gene ""ORF1b"": Unable to align: no seed matches. Note that this gene will not be included in the results of the sequence.;When processing gene ""ORF6"": Unable to align: no seed matches. Note that this gene will not be included in the results of the sequence.;When processing gene ""ORF7a"": Unable to align: no seed matches. Note that this gene will not be included in the results of the sequence.;When processing gene ""ORF8"": Unable to align: no seed matches. Note that this gene will not be included in the results of the sequence.;When processing gene ""ORF9b"": Unable to align: no seed matches. Note that this gene will not be included in the results of the sequence.","E;M;N;ORF1a;ORF1b;ORF6;ORF7a;ORF8;ORF9b"
"38G|S87","","When processing gene ""E"": Unable to align: no seed matches. Note that this gene will not be included in the results of the sequence.;When processing gene ""M"": Unable to align: no seed matches. Note that this gene will not be included in the results of the sequence.;When processing gene ""N"": Unable to align: no seed matches. Note that this gene will not be included in the results of the sequence.;When processing gene ""ORF1a"": Unable to align: no seed matches. Note that this gene will not be included in the results of the sequence.;When processing gene ""ORF1b"": Unable to align: no seed matches. Note that this gene will not be included in the results of the sequence.;When processing gene ""ORF6"": Unable to align: no seed matches. Note that this gene will not be included in the results of the sequence.;When processing gene ""ORF7a"": Unable to align: no seed matches. Note that this gene will not be included in the results of the sequence.;When processing gene ""ORF8"": Unable to align: no seed matches. Note that this gene will not be included in the results of the sequence.;When processing gene ""ORF9b"": Unable to align: no seed matches. Note that this gene will not be included in the results of the sequence.","E;M;N;ORF1a;ORF1b;ORF6;ORF7a;ORF8;ORF9b"
"1G|S88","","When processing gene ""E"": Unable to align: no seed matches. Note that this gene will not be included in the results of the sequence.;When processing gene ""M"": Unable to align: no seed matches. Note that this gene will not be included in the results of the sequence.;When processing gene ""N"": Unable to align: no seed matches. Note that this gene will not be included in the results of the sequence.;When processing gene ""ORF1a"": Unable to align: no seed matches. Note that this gene will not be included in the results of the sequence.;When processing gene ""ORF1b"": Unable to align: no seed matches. Note that this gene will not be included in the results of the sequence.;When processing gene ""ORF6"": Unable to align: no seed matches. Note that this gene will not be included in the results of the sequence.;When processing gene ""ORF7a"": Unable to align: no seed matches. Note that this gene will not be included in the results of the sequence.;When processing gene ""ORF8"": Unable to align: no seed matches. Note that this gene will not be included in the results of the sequence.;When processing gene ""ORF9b"": Unable to align: no seed matches. Note that this gene will not be included in the results of the sequence.","E;M;N;ORF1a;ORF1b;ORF6;ORF7a;ORF8;ORF9b"
"75H|S89","","When processing gene ""E"": Unable to align: no seed matches. Note that this gene will not be included in the results of the sequence.;When processing gene ""M"": Unable to align: no seed matches. Note that this gene will not be included in the results of the sequence.;When processing gene ""N"": Unable to align: no seed matches. Note that this gene will not be included in the results of the sequence.;When processing gene ""ORF1a"": Unable to align: no seed matches. Note that this gene will not be included in the results of the sequence.;When processing gene ""ORF1b"": Unable to align: no seed matches. Note that this gene will not be included in the results of the sequence.;When processing gene ""ORF6"": Unable to align: no seed matches. Note that this gene will not be included in the results of the sequence.;When processing gene ""ORF7a"": Unable to align: no seed matches. Note that this gene will not be included in the results of the sequence.;When processing gene ""ORF8"": Unable to align: no seed matches. Note that this gene will not be included in the results of the sequence.;When processing gene ""ORF9b"": Unable to align: no seed matches. Note that this gene will not be included in the results of the sequence.","E;M;N;ORF1a;ORF1b;ORF6;ORF7a;ORF8;ORF9b"
"139A|S9","","When processing gene ""E"": Unable to align: no seed matches. Note that this gene will not be included in the results of the sequence.;When processing gene ""M"": Unable to align: no seed matches. Note that this gene will not be included in the results of the sequence.;When processing gene ""N"": Unable to align: no seed matches. Note that this gene will not be included in the results of the sequence.;When processing gene ""ORF1a"": Unable to align: no seed matches. Note that this gene will not be included in the results of the sequence.;When processing gene ""ORF1b"": Unable to align: no seed matches. Note that this gene will not be included in the results of the sequence.;When processing gene ""ORF6"": Unable to align: no seed matches. Note that this gene will not be included in the results of the sequence.;When processing gene ""ORF7a"": Unable to align: no seed matches. Note that this gene will not be included in the results of the sequence.;When processing gene ""ORF8"": Unable to align: no seed matches. Note that this gene will not be included in the results of the sequence.;When processing gene ""ORF9b"": Unable to align: no seed matches. Note that this gene will not be included in the results of the sequence.","E;M;N;ORF1a;ORF1b;ORF6;ORF7a;ORF8;ORF9b"